category,task_name,mean,std,min,max,median,n_models,n_zero,n_perfect,pct_zero,pct_perfect,entropy,bimodality_coeff,item_discrimination,kw_stat,kw_p,tier_discriminates,mean_small,mean_mid,mean_frontier,flags,n_flags
observational,vigenere_variant_cipher_obs_learning,0.03571428571428571,0.12876968840942818,0.0,0.5,0.0,14,13,0,0.9285714285714286,0.0,0.37123232664087563,0.9349032345378263,0.7395671281660421,2.5000000000000004,0.28650479686019,False,0.0,0.0,0.125,low_entropy|no_tier_diff|bimodal|too_hard,4
rl,levenshtein_words_rf_learning,0.0071428571428571435,0.025753937681885646,0.0,0.1,0.0,14,13,0,0.9285714285714286,0.0,0.37123232664087563,0.9349032345378255,0.2243229831898435,1.3333333333333643,0.5134171190325841,False,0.0,0.016666666666666666,0.0,near_uniform|low_entropy|bimodal|too_hard,4
rl,lights_out_2x2_rf_learning,0.0071428571428571435,0.025753937681885646,0.0,0.1,0.0,14,13,0,0.9285714285714286,0.0,0.37123232664087563,0.9349032345378255,0.2243229831898435,1.3333333333333643,0.5134171190325841,False,0.0,0.016666666666666666,0.0,near_uniform|low_entropy|bimodal|too_hard,4
rl,hangman_lite_rf_learning,0.009521428571428571,0.034329998929953566,0.0,0.1333,0.0,14,13,0,0.9285714285714286,0.0,0.37123232664087563,0.9349032345378271,0.22432298318984353,1.3333333333333643,0.5134171190325841,False,0.0,0.022216666666666666,0.0,near_uniform|low_entropy|bimodal|too_hard,4
rl,grid_seven_rf_learning,0.022614285714285715,0.03810104717613897,0.0,0.1333,0.0,14,8,0,0.5714285714285714,0.0,0.37123232664087563,0.727225079205976,0.3718761502657599,0.6414859981933201,0.7256097093799104,False,0.00835,0.03331666666666667,0.020825,near_uniform|low_entropy|bimodal|too_hard,4
rl,digit_square_error_rf_learning,0.24414285714285713,0.17988750736536002,0.1778,0.8924,0.197,14,0,0,0.0,0.0,0.37123232664087563,0.9335348526868825,-0.015736520848734357,1.6274127691165552,0.44321230295547387,False,0.192975,0.19436666666666666,0.369975,low_entropy|no_discrimination|no_tier_diff|bimodal,4
associative,temporal_pairing_tnr_assoc_learning,0.9038461538461539,0.15623150778146078,0.5,1.0,1.0,13,0,9,0.0,0.6923076923076923,1.1401156785146092,0.6253513284901304,0.5313219132056289,3.7333333333333307,0.15463826454925506,False,0.75,0.9166666666666666,1.0,no_tier_diff|bimodal|too_easy,3
concept,hapax_prime_concept_learning,0.31000000000000005,0.1186832519175064,0.2,0.66,0.28,14,0,0,0.0,0.0,1.5216406363433184,0.7233566047388881,-0.2628481219349575,0.6169324221716017,0.7345727721962201,False,0.29000000000000004,0.3566666666666667,0.26,no_discrimination|no_tier_diff|bimodal,3
observational,custom_gravity_simulation_obs_learning,0.8571428571428571,0.2789374884252377,0.0,1.0,1.0,14,1,10,0.07142857142857142,0.7142857142857143,1.2916919971380596,0.7454766525237229,-0.12630956455787495,0.1293252595155684,0.9373836553883842,False,0.9375,0.875,0.75,no_discrimination|no_tier_diff|bimodal,3
rl,linear_equation_rf_learning,0.07142857142857142,0.25753937681885636,0.0,1.0,0.0,14,13,1,0.9285714285714286,0.07142857142857142,0.37123232664087563,0.9349032345378263,0.22432298318984353,1.3333333333333643,0.5134171190325841,False,0.0,0.16666666666666666,0.0,low_entropy|no_tier_diff|bimodal,3
rl,linear_polynomial_rf_learning,0.07142857142857142,0.25753937681885636,0.0,1.0,0.0,14,13,1,0.9285714285714286,0.07142857142857142,0.37123232664087563,0.9349032345378263,0.22432298318984353,1.3333333333333643,0.5134171190325841,False,0.0,0.16666666666666666,0.0,low_entropy|no_tier_diff|bimodal,3
rl,mastermind_classic_rf_learning,0.08285714285714287,0.05118992247762548,0.04,0.16,0.06,14,0,0,0.0,0.0,0.863120568566631,0.5735494411785337,0.06425754115543095,0.019696969696976974,0.9901998526645148,False,0.08,0.08666666666666667,0.08,no_discrimination|no_tier_diff|bimodal,3
rl,nim_heap_rf_learning,0.12142857142857141,0.04315373561998061,0.0,0.15,0.1375,14,1,0,0.07142857142857142,0.0,0.5916727785823275,0.6992022968404562,-0.1297922552585768,2.960368466152533,0.22759575385518982,False,0.13125,0.1416666666666667,0.08124999999999999,near_uniform|no_discrimination|bimodal,3
rl,digitwise_l1_rf_learning,0.21619285714285716,0.21770102849119122,0.1289,1.0,0.16,14,0,1,0.0,0.07142857142857142,0.37123232664087563,0.9311442701074656,0.5483916763624945,3.2272308259587037,0.19916624261444282,False,0.15075,0.1558,0.372225,low_entropy|no_tier_diff|bimodal,3
rl,minesweeper_1d_rf_learning,0.6167499999999999,0.3794648614449414,0.0,0.9345,0.8286,14,3,0,0.21428571428571427,0.0,1.8423709931771084,0.668365351851977,-0.08049719404569526,0.4451559020044496,0.8004526082352015,False,0.833925,0.5892833333333333,0.44077500000000003,no_discrimination|no_tier_diff|bimodal,3
rl,manhattan_point_rf_learning,0.6583071428571428,0.4268814798115777,0.0,1.0,0.9524,14,1,7,0.07142857142857142,0.5,1.610577243331642,0.5994222910925161,-0.11723669144128156,1.2520938023450583,0.5347013559233459,False,0.5375000000000001,0.7166666666666668,0.691575,no_discrimination|no_tier_diff|bimodal,3
rl,rule90_step_rf_learning,0.6986857142857144,0.38603863584795106,0.0,1.0,0.90435,14,1,4,0.07142857142857142,0.2857142857142857,1.7783283537314114,0.6644738765733949,0.06655357435301595,3.1221910112359574,0.20990599200376117,False,0.5052,0.6549333333333334,0.9578,no_discrimination|no_tier_diff|bimodal,3
rl,cubic_eval_rf_learning,0.9043,0.20385810891752273,0.2,1.0,0.9744,14,0,5,0.0,0.35714285714285715,0.9463729359854419,0.8533347322632451,0.542372348037965,3.276209677419355,0.19434801433118493,False,0.90595,0.8445166666666667,0.992325,no_tier_diff|bimodal|too_easy,3
rl,cyclic_distance_rf_learning,0.9331999999999999,0.22763681286520546,0.113,1.0,1.0,14,0,11,0.0,0.7857142857142857,0.37123232664087563,0.9332191402416725,0.5672848968969973,8.75,0.012588142242433998,True,0.7662,1.0,1.0,low_entropy|bimodal|too_easy,3
associative,cumulative_state_rewrite_assoc_learning,0.26373626373626374,0.29568404499063106,0.0,1.0,0.14285714285714285,13,3,1,0.23076923076923078,0.07692307692307693,2.1416195253341384,0.6212581933941379,0.600450156934132,0.1076923076923083,0.947577876500203,False,0.21428571428571425,0.23809523809523805,0.38095238095238093,no_tier_diff|bimodal,2
associative,glyph_bind_assoc_learning,0.30769230769230776,0.3049881169476771,0.0,1.0,0.2,13,1,2,0.07692307692307693,0.15384615384615385,1.5465935642949382,0.7263625488628807,0.7376363509808511,3.851226993865031,0.14578628997350287,False,0.15000000000000002,0.20000000000000004,0.7333333333333334,no_tier_diff|bimodal,2
associative,blocking_effect_assoc_learning,0.7410714285714286,0.19170455851414184,0.5,1.0,0.75,14,0,3,0.0,0.21428571428571427,2.270942421748537,0.4275739988483046,-0.3661312917923224,0.8878352490421428,0.6415182640250388,False,0.8125,0.6875,0.75,no_discrimination|no_tier_diff,2
associative,latent_set_binding_assoc_learning,0.8469387755102041,0.19812742692803673,0.42857142857142855,1.0,0.9285714285714286,14,0,7,0.0,0.5,1.7783283537314114,0.6017349219954694,0.4022800694535148,2.553965224766753,0.27887751374765035,False,0.7142857142857143,0.880952380952381,0.9285714285714286,no_tier_diff|bimodal,2
concept,modular_subsequence_concept_learning,0.11785714285714285,0.09828374167455682,0.0,0.24,0.12000000000000001,14,5,0,0.35714285714285715,0.0,1.5774062828523454,0.4538708601851246,0.08614784336460429,0.2594961240310134,0.8783166843835256,False,0.11750000000000001,0.10333333333333333,0.13999999999999999,no_discrimination|no_tier_diff,2
concept,dual_recurrence_concept_learning,0.19571428571428576,0.1626878819665912,0.0,0.4,0.21000000000000002,14,5,0,0.35714285714285715,0.0,1.8352377453121176,0.43322587814485314,-0.39429980713798884,1.2971828211189853,0.5227816430747118,False,0.23,0.1366666666666667,0.25,no_discrimination|no_tier_diff,2
concept,layered_transform_concept_learning,0.20758928571428573,0.3976505959914394,0.0,1.0,0.0,14,11,1,0.7857142857142857,0.07142857142857142,0.74959525725948,0.7770836938875689,0.8343893095033458,3.4021276595744596,0.18248928321612426,False,0.0,0.15729166666666666,0.490625,no_tier_diff|bimodal,2
concept,digit_cipher_concept_learning,0.21142857142857144,0.3504865422901864,0.0,1.0,0.0,14,9,2,0.6428571428571429,0.14285714285714285,1.483831706844689,0.7119197736241251,0.645644889019595,5.668793793793796,0.05875394984010256,False,0.0,0.09333333333333334,0.6,no_tier_diff|bimodal,2
concept,vowel_rotation_concept_learning,0.21275510204081632,0.3505428793847912,0.0,1.0,0.0,14,10,1,0.7142857142857143,0.07142857142857142,1.2916919971380596,0.6806214131087917,0.9481725277338786,2.708333333333333,0.25816234012045264,False,0.0,0.20476190476190478,0.4375,no_tier_diff|bimodal,2
concept,consonant_clusters_concept_learning,0.21938775510204087,0.2758260661036059,0.0,0.9571428571428572,0.11071428571428572,14,6,0,0.42857142857142855,0.0,2.270942421748537,0.5701523010039372,0.8662631391509867,2.874702380952377,0.23755616708543667,False,0.03035714285714286,0.2488095238095238,0.3642857142857143,no_tier_diff|bimodal,2
concept,grid_transform_concept_learning,0.24285714285714285,0.4083315979416129,0.0,1.0,0.0,14,10,3,0.7142857142857143,0.21428571428571427,1.0949143184120975,0.7181012969683698,0.735514500370313,2.5549242424242427,0.27874382157352046,False,0.0,0.39999999999999997,0.25,no_tier_diff|bimodal,2
concept,interleave_reverse_concept_learning,0.2857142857142857,0.45175395145262565,0.0,1.0,0.0,14,10,4,0.7142857142857143,0.2857142857142857,0.863120568566631,0.6932006633499175,0.9199454931695983,2.3833333333333364,0.3037146509214851,False,0.0,0.3333333333333333,0.5,no_tier_diff|bimodal,2
concept,positional_encode_concept_learning,0.31714285714285717,0.26437064272474337,0.0,0.96,0.235,14,1,0,0.07142857142857142,0.0,2.406666316740689,0.5747146857563674,0.6708927024095767,1.1615740740740756,0.5594578791766203,False,0.24000000000000002,0.26166666666666666,0.47750000000000004,no_tier_diff|bimodal,2
concept,semantic_override_concept_learning,0.5758928571428571,0.30747619992514563,0.0,0.95,0.75,14,2,0,0.14285714285714285,0.0,2.4677201004744993,0.5123174427470423,0.022000608336220584,2.359068627450985,0.3074218674161213,False,0.5812499999999999,0.7062499999999999,0.375,no_discrimination|no_tier_diff,2
language,skolvren_polysynthetic_lang_learning,0.06875,0.15168326374389496,0.0,0.48750000000000004,0.0,14,11,0,0.7857142857142857,0.0,1.0892300788425848,0.8169292117764309,0.42589256297558586,2.8397163120567415,0.2417483050049148,False,0.0,0.0625,0.146875,no_tier_diff|bimodal,2
language,threlkav_scope_ergativity_lang_learning,0.9259740259740258,0.09802399188630488,0.7272727272727273,1.0,1.0,14,0,8,0.0,0.5714285714285714,1.287054028118727,0.5895533312093904,0.8053393116464741,10.306306306306313,0.005781147115191144,True,0.7818181818181817,0.9727272727272727,1.0,bimodal|too_easy,2
observational,hidden_group_operation_obs_learning,0.125,0.26305214040457564,0.0,1.0,0.0,14,10,1,0.7142857142857143,0.07142857142857142,1.0949143184120975,0.7922730106188447,0.66786056253536,2.5833333333333384,0.27481238055948903,False,0.0,0.08333333333333333,0.3125,no_tier_diff|bimodal,2
observational,hidden_graph_centrality_obs_learning,0.14285714285714285,0.34992710611188266,0.0,1.0,0.0,14,12,2,0.8571428571428571,0.14285714285714285,0.5916727785823275,0.8600252206809573,0.6214456707458909,0.9930555555555568,0.6086403294492448,False,0.0,0.16666666666666666,0.25,no_tier_diff|bimodal,2
observational,chemical_reaction_order_obs_learning,0.16071428571428573,0.27721740529035754,0.0,1.0,0.0,14,9,1,0.6428571428571429,0.07142857142857142,1.4299111709758698,0.7036815844029796,0.5382572126062701,1.8655589123867025,0.3934585882447073,False,0.1875,0.041666666666666664,0.3125,no_tier_diff|bimodal,2
observational,feistel_cipher_round_obs_learning,0.16071428571428573,0.32192422102357043,0.0,1.0,0.0,14,11,1,0.7857142857142857,0.07142857142857142,1.0892300788425848,0.7589232781794794,0.8395369239761725,1.401418439716321,0.49623324049258855,False,0.0,0.20833333333333334,0.25,no_tier_diff|bimodal,2
observational,hidden_state_machine_obs_learning,0.21428571428571427,0.26486423168198797,0.0,1.0,0.25,14,6,1,0.42857142857142855,0.07142857142857142,1.5916727785823275,0.5993524481952909,0.6619872111618774,1.7966450216450263,0.4072522483021055,False,0.125,0.25,0.25,no_tier_diff|bimodal,2
observational,lattice_meet_join_obs_learning,0.21428571428571427,0.3253726278265821,0.0,1.0,0.0,14,9,1,0.6428571428571429,0.07142857142857142,1.6266888497018317,0.6329593290470467,0.9214364567599889,3.0164670658682646,0.22130055302739954,False,0.0,0.20833333333333334,0.4375,no_tier_diff|bimodal,2
observational,pipeline_hazard_stall_counting_obs_learning,0.21428571428571427,0.351744921492718,0.0,1.0,0.0,14,9,2,0.6428571428571429,0.14285714285714285,1.483831706844689,0.7097682556351005,0.867272921308855,3.0255255255255267,0.22030049840972388,False,0.0,0.16666666666666666,0.5,no_tier_diff|bimodal,2
observational,shapley_values_cooperative_game_obs_learning,0.21428571428571427,0.41032590332414504,0.0,1.0,0.0,14,11,3,0.7857142857142857,0.21428571428571427,0.74959525725948,0.7775551102204402,0.8738123423927328,2.888888888888893,0.23587708298569954,False,0.0,0.16666666666666666,0.5,no_tier_diff|bimodal,2
observational,hidden_priority_order_obs_learning,0.23214285714285715,0.3834091170282837,0.0,1.0,0.0,14,10,2,0.7142857142857143,0.14285714285714285,1.2916919971380594,0.6918759986343561,0.10560401409657563,0.08434256055363643,0.9587055591553818,False,0.25,0.25,0.1875,no_tier_diff|bimodal,2
observational,sigil_naming_obs_learning,0.25,0.32732683535398854,0.0,1.0,0.25,14,6,2,0.42857142857142855,0.14285714285714285,1.4488156357251847,0.6769230769230768,0.7165246158111283,2.3697916666666665,0.305778029717913,False,0.125,0.125,0.5625,no_tier_diff|bimodal,2
observational,two_counter_machine_obs_learning,0.3095238095238095,0.3264597428762402,0.0,1.0,0.16666666666666666,14,4,1,0.2857142857142857,0.07142857142857142,2.263809173883546,0.5583228874948915,0.341236760206727,0.5582743710691865,0.7564361240026498,False,0.16666666666666666,0.4444444444444444,0.24999999999999997,no_tier_diff|bimodal,2
observational,titration_curve_diprotic_obs_learning,0.3285714285714287,0.19430672155336345,0.2,0.8,0.2,14,0,0,0.0,0.0,1.4838317068446891,0.6307089991928998,0.8719623619053751,4.814814814814817,0.09004845114906657,False,0.2,0.3,0.5,no_tier_diff|bimodal,2
observational,hidden_matrix_fill_obs_learning,0.3392857142857143,0.45910571900651576,0.0,1.0,0.0,14,9,4,0.6428571428571429,0.2857142857142857,1.1981174211304033,0.6136389053626614,0.7303167779783617,0.7083333333333414,0.7017579979418873,False,0.25,0.2916666666666667,0.5,no_tier_diff|bimodal,2
observational,ring_operations_hidden_carry_obs_learning,0.3392857142857143,0.4392276384374587,0.0,1.0,0.0,14,8,4,0.5714285714285714,0.2857142857142857,1.5216406363433181,0.6007115914922888,0.846613843190366,4.292820867959377,0.11690303669514662,False,0.0,0.375,0.625,no_tier_diff|bimodal,2
observational,voronoi_custom_metric_obs_learning,0.34523809523809523,0.23114866474937618,0.0,0.8333333333333334,0.3333333333333333,14,2,0,0.14285714285714285,0.0,2.4137995646056805,0.33509523684321546,-0.05906114371508861,1.6995412844036673,0.4275129741393624,False,0.3333333333333333,0.27777777777777773,0.4583333333333333,no_discrimination|no_tier_diff,2
observational,codon_table_translation_obs_learning,0.35714285714285715,0.47915742374995485,0.0,1.0,0.0,14,9,5,0.6428571428571429,0.35714285714285715,0.9402859586706311,0.6171533685904805,0.7603615081131283,0.5296296296296303,0.7673480383076979,False,0.25,0.3333333333333333,0.5,no_tier_diff|bimodal,2
observational,hidden_modal_logic_kripke2_obs_learning,0.4017857142857143,0.20143775308354422,0.0,0.625,0.5,14,2,0,0.14285714285714285,0.0,2.2098886380147267,0.49929549454121586,-0.1269685477822506,0.9023559190031201,0.6368774936912295,False,0.40625,0.375,0.4375,no_discrimination|no_tier_diff,2
observational,deceptive_stack_machine_obs_learning,0.42857142857142855,0.49487165930539345,0.0,1.0,0.0,14,8,6,0.5714285714285714,0.42857142857142855,0.9852281360342515,0.5629921259842519,0.7307010262463722,0.6770833333333333,0.7128090783918549,False,0.25,0.5,0.5,no_tier_diff|bimodal,2
observational,regex_intersection_membership_obs_learning,0.7857142857142857,0.2966651379613598,0.0,1.0,0.875,14,1,7,0.07142857142857142,0.5,1.5744174271404585,0.6537503594285898,0.3534170378555544,1.6292875989445872,0.44279702380745223,False,0.5625,0.8333333333333334,0.9375,no_tier_diff|bimodal,2
rl,euler_totient_rf_learning,0.0,0.0,0.0,0.0,0.0,14,14,0,1.0,0.0,-0.0,,,,,False,0.0,0.0,0.0,all_zero|near_uniform,2
rl,hanoi_three_rf_learning,0.08581428571428572,0.21977778991239202,0.0,0.8554,0.0,14,9,0,0.6428571428571429,0.0,0.7345299214394703,0.8813811794503069,0.25686409205827454,1.196517412935331,0.549768110756321,False,0.05,0.16156666666666666,0.008,no_tier_diff|bimodal,2
rl,hot_cold_rf_learning,0.10122857142857145,0.21453516338011033,0.0,0.8172,0.0,14,10,0,0.7142857142857143,0.0,1.0949143184120975,0.7966463436887872,0.24064371556532968,2.8731060606060654,0.23774585064575338,False,0.05,0.20286666666666667,0.0,no_tier_diff|bimodal,2
rl,parity_groups_rf_learning,0.1309357142857143,0.018749765984934205,0.1,0.1667,0.1333,14,0,0,0.0,0.0,-0.0,0.31171232885656563,0.27777624498570375,2.7423724954462587,0.2538057044675058,False,0.12082499999999999,0.14164999999999997,0.124975,near_uniform|low_entropy,2
rl,interval_contains_rf_learning,0.13374285714285714,0.2425226844008197,0.0,0.9489,0.0,14,8,0,0.5714285714285714,0.0,1.2638091738835462,0.7863034979883857,0.11291160570907252,3.71664358264082,0.15593410086711923,False,0.132525,0.22371666666666667,0.0,no_tier_diff|bimodal,2
rl,letter_overlap_word_rf_learning,0.14205714285714285,0.34797395164064826,0.0,1.0,0.0,14,12,1,0.8571428571428571,0.07142857142857142,0.5916727785823275,0.8599970617526064,0.2312030432175896,0.9134615384615412,0.6333508346429395,False,0.2472,0.16666666666666666,0.0,no_tier_diff|bimodal,2
rl,hanoi_two_rf_learning,0.1516357142857143,0.3438638260523298,0.0,0.9932,0.0,14,10,0,0.7142857142857143,0.0,0.9463729359854419,0.8473833293545181,0.23411381641599352,2.519683908045977,0.28369886042033876,False,0.2466,0.18941666666666665,0.0,no_tier_diff|bimodal,2
rl,mastermind_aggregate_rf_learning,0.21750000000000005,0.20052386747859074,0.08,0.925,0.18,14,0,0,0.0,0.0,1.7273966735744792,0.8756341133810144,0.10499850183650808,3.206295843520777,0.20126196284130668,False,0.14,0.2941666666666667,0.18,no_tier_diff|bimodal,2
rl,perm_fixed_points_rf_learning,0.23704285714285714,0.348129129807329,0.0,1.0,0.12,14,5,1,0.35714285714285715,0.07142857142857142,1.7273966735744792,0.7334999388919042,0.5769249123436777,2.0779116465863496,0.35382394385838634,False,0.04,0.2266666666666667,0.44965,no_tier_diff|bimodal,2
rl,bitstring_hamming_rf_learning,0.23815000000000003,0.26303760119583125,0.0,0.9489,0.15715,14,1,0,0.07142857142857142,0.0,1.2916919971380596,0.7922269169545378,0.5464568648772663,3.6768043154761956,0.1590713941486822,False,0.09642500000000001,0.24991666666666668,0.36222499999999996,no_tier_diff|bimodal,2
rl,gray_hamming_rf_learning,0.24169285714285713,0.28533560056358126,0.0,0.9489,0.14165,14,1,0,0.07142857142857142,0.0,0.9463729359854419,0.8236360239808086,0.4223256946001668,0.1883522727272725,0.9101224424646308,False,0.133325,0.14443333333333333,0.49595,no_tier_diff|bimodal,2
rl,wordle_micro_rf_learning,0.2550071428571429,0.30361226086734305,0.0,1.0,0.1667,14,1,1,0.07142857142857142,0.07142857142857142,1.8423709931771084,0.8000122051550267,0.6636196111696958,5.616359447004606,0.060314681927423584,False,0.08335000000000001,0.16111666666666666,0.5675,no_tier_diff|bimodal,2
rl,collatz_length_rf_learning,0.2804428571428571,0.3833613135603198,0.0124,0.9284,0.0452,14,0,0,0.0,0.0,1.4299111709758698,0.6860860591565228,0.44657521245751397,2.7262298091042583,0.2558625469815677,False,0.2232,0.18965,0.473875,no_tier_diff|bimodal,2
rl,perm_footrule_rf_learning,0.36225,0.45710265141275586,0.0,1.0,0.0667,14,6,2,0.42857142857142855,0.14285714285714285,0.9402859586706311,0.6111537242418672,0.5011334191959966,2.1221819645732642,0.3460780392861152,False,0.266675,0.1799666666666667,0.7312500000000001,no_tier_diff|bimodal,2
rl,battleship_1d_rf_learning,0.5908499999999999,0.44345763165315866,0.0,1.0,0.86765,14,5,1,0.35714285714285715,0.07142857142857142,1.5744174271404585,0.5946696624127806,0.4194798823732479,1.4140745007680466,0.49310297604895814,False,0.475175,0.45035000000000003,0.917275,no_tier_diff|bimodal,2
rl,shift_cipher_rf_learning,0.6184428571428572,0.36326263563567834,0.2,1.0,0.89585,14,0,1,0.0,0.07142857142857142,1.2958363892911637,0.5553717007386105,0.16404826914544496,0.727187499999998,0.6951735516406371,False,0.5666500000000001,0.5652666666666667,0.75,no_tier_diff|bimodal,2
rl,divisor_count_rf_learning,0.6594142857142857,0.27136177975205733,0.0,0.8,0.77445,14,2,0,0.14285714285714285,0.0,1.7273966735744792,0.8364897331091689,0.6953072291940605,1.233433734939759,0.5397134828931838,False,0.39744999999999997,0.7641999999999999,0.7642,no_tier_diff|bimodal,2
rl,base7_decode_rf_learning,0.6651785714285714,0.38475156024666735,0.1063,1.0,0.8625,14,0,6,0.0,0.42857142857142855,1.7783283537314114,0.5732279231739628,0.6538928312317701,0.1710526315789487,0.9180289840788026,False,0.5703,0.7052166666666667,0.7,no_tier_diff|bimodal,2
rl,product_hotcold_rf_learning,0.6717357142857143,0.3749286686579631,0.1455,1.0,0.8969,14,0,4,0.0,0.2857142857142857,1.5306189948485172,0.5919037776332836,0.3421949601736057,2.54937923250564,0.2795177125137149,False,0.3818,0.6805499999999999,0.94845,no_tier_diff|bimodal,2
rl,grid_octile_rf_learning,0.7048214285714286,0.4351024250163426,0.0,1.0,1.0,14,3,8,0.21428571428571427,0.5714285714285714,1.1981174211304033,0.6800577121775214,0.27206818421559376,2.7526112624886463,0.25250969593931194,False,0.696875,0.8466666666666667,0.5,no_tier_diff|bimodal,2
rl,graph_shortest_path_rf_learning,0.7382928571428572,0.26256425462374433,0.08,0.8935,0.8442,14,0,0,0.0,0.0,0.7345299214394703,0.8373138132635219,0.46621130624144064,3.441461595824018,0.17893533454937585,False,0.6310500000000001,0.8467833333333333,0.6828,no_tier_diff|bimodal,2
rl,sudoku_2x2_rf_learning,0.7638857142857143,0.3912538851603409,0.02,1.0,0.9754,14,0,6,0.0,0.42857142857142855,1.287054028118727,0.7553295865547608,0.5978674944965251,0.8679718875501983,0.6479213627497364,False,0.74445,0.64755,0.957825,no_tier_diff|bimodal,2
rl,fib_like_next_rf_learning,0.7698642857142858,0.3025349793403893,0.2,1.0,0.89845,14,0,1,0.0,0.07142857142857142,1.4926140680171258,0.7234540556980116,0.10258957850552725,0.2515740740740772,0.8818026180868347,False,0.90235,0.6927,0.753125,no_tier_diff|bimodal,2
rl,quadratic_root_rf_learning,0.8126714285714286,0.3280914886094414,0.1845,1.0,1.0,14,0,8,0.0,0.5714285714285714,1.0949143184120975,0.758069110591202,0.8140992238147271,3.182475158084916,0.2036733937729337,False,0.557225,0.8610833333333333,0.9955,no_tier_diff|bimodal,2
rl,coin_balance_rf_learning,0.8888714285714286,0.20512415205212195,0.2,1.0,0.9801500000000001,14,0,7,0.0,0.5,1.1981174211304033,0.7946464705170018,0.6280093624133174,4.665410385259625,0.0970328990391933,False,0.7603,0.9005000000000001,1.0,no_tier_diff|bimodal,2
associative,spurious_hue_true_edge_assoc_learning,0.26785714285714285,0.3199370154851592,0.0,1.0,0.125,14,7,1,0.5,0.07142857142857142,1.9211854965885542,0.5153968381241274,0.6611378090563479,0.5842851099830861,0.7466620879785535,False,0.1875,0.20833333333333334,0.4375,no_tier_diff,1
associative,inference_dyad_operators_assoc_learning,0.3482142857142857,0.28807617508753,0.125,1.0,0.25,14,0,2,0.0,0.14285714285714285,2.120952031026403,0.6803937250121159,0.851932336008241,6.281028368794328,0.0432605482833127,True,0.15625,0.2708333333333333,0.65625,bimodal,1
associative,overexpectation_assoc_learning,0.39285714285714285,0.26666400934050144,0.0,1.0,0.25,14,1,1,0.07142857142857142,0.07142857142857142,1.950212064914747,0.5088015512647253,0.5860978688196479,3.5427927927927914,0.17009530244445176,False,0.34375,0.2916666666666667,0.59375,no_tier_diff,1
associative,xor_attribute_binding_assoc_learning,0.5238095238095238,0.24281045302822787,0.16666666666666666,0.8333333333333334,0.6666666666666666,14,0,0,0.0,0.0,1.8423709931771084,0.48979432648036036,0.6000564323989023,1.9595588235294068,0.3753938971962171,False,0.4166666666666667,0.5277777777777778,0.625,no_tier_diff,1
associative,inhibitory_summation_assoc_learning,0.5803571428571429,0.18056918228711324,0.25,1.0,0.625,14,0,1,0.0,0.07142857142857142,2.35274578087187,0.27548634478410666,0.684975914528285,1.188131313131319,0.55207815556129,False,0.5,0.5625,0.6875,no_tier_diff,1
associative,latent_cross_binding_assoc_learning,0.619047619047619,0.2220804536449718,0.3333333333333333,1.0,0.5,14,0,3,0.0,0.21428571428571427,1.8773870642966133,0.48314109174104225,0.41375360874100686,0.3387064071370673,0.8442106724989071,False,0.5416666666666666,0.611111111111111,0.7083333333333333,no_tier_diff,1
associative,latent_inhibition_assoc_learning,0.6339285714285714,0.14534661246517594,0.375,1.0,0.625,14,0,1,0.0,0.07142857142857142,2.0202442071537563,0.31237000636781975,0.7120036448288496,2.672835760517794,0.2627853130736542,False,0.59375,0.5833333333333334,0.75,no_tier_diff,1
associative,learned_irrelevance_assoc_learning,0.8303571428571429,0.16096211051178524,0.5,1.0,0.875,14,0,4,0.0,0.2857142857142857,1.924174352300441,0.49301692764767957,0.6212116738654924,4.313988095238091,0.11567230440714639,False,0.71875,0.8333333333333334,0.9375,no_tier_diff,1
associative,occasion_setting_assoc_learning,0.8520408163265306,0.1414839247332862,0.5,1.0,0.8571428571428571,14,0,4,0.0,0.2857142857142857,2.0202442071537563,0.46862848752146985,0.2384693378592683,2.0337347094801284,0.36172632739534205,False,0.7678571428571428,0.8571428571428572,0.9285714285714286,no_tier_diff,1
associative,latent_set_variant_assoc_learning,0.8928571428571429,0.07985957062499247,0.8333333333333334,1.0,0.8333333333333334,14,0,5,0.0,0.35714285714285715,0.9402859586706311,0.6171533685904803,0.5994331547729341,9.629629629629626,0.008108723554345856,True,0.8333333333333334,0.8611111111111112,1.0,bimodal,1
concept,violation_counter_concept_learning,0.1682142857142857,0.2099371261563221,0.0,0.7,0.0875,14,7,0,0.5,0.0,1.9211854965885544,0.5466310425785849,0.28997335688918946,1.8087311557788925,0.40479861684911034,False,0.15250000000000002,0.10166666666666668,0.28375,no_tier_diff,1
concept,triple_parity_concept_learning,0.3271428571428571,0.2047447390368439,0.0,0.76,0.275,14,1,0,0.07142857142857142,0.0,2.8073549220576037,0.38629406318811627,0.4391971732091731,5.858113069016152,0.05344744018060991,False,0.15500000000000003,0.4566666666666667,0.305,no_tier_diff,1
concept,disjunctive_noise_concept_learning,0.4092857142857143,0.19186916247850794,0.0,0.75,0.41750000000000004,14,1,0,0.07142857142857142,0.0,2.495602923729013,0.28324553123509527,0.622540751838486,2.4650626843657877,0.2915536208201495,False,0.31375000000000003,0.4025,0.515,no_tier_diff,1
concept,state_machine_concept_learning,0.46558441558441555,0.2119908602045255,0.2090909090909091,1.0,0.4,14,0,1,0.0,0.07142857142857142,2.35274578087187,0.5246278462281461,0.765137367732333,1.9678115615615641,0.37384807495987393,False,0.3352272727272727,0.5068181818181818,0.5340909090909092,no_tier_diff,1
concept,encoded_triple_concept_learning,0.5357142857142857,0.3307056559349219,0.0,1.0,0.45,14,1,3,0.07142857142857142,0.21428571428571427,2.8073549220576037,0.4060370142371197,0.9105458723169142,4.985740740740743,0.0826723254858385,False,0.2453125,0.6270833333333333,0.6890625,no_tier_diff,1
concept,nested_logic_concept_learning,0.5653571428571429,0.20937376256107065,0.2,1.0,0.5225,14,0,1,0.0,0.07142857142857142,2.610577243331642,0.29478507384247865,0.5496975047542361,3.7651851851851896,0.152195014156076,False,0.42874999999999996,0.5383333333333333,0.7425,no_tier_diff,1
concept,positional_mapping_concept_learning,0.576948051948052,0.34505472542071663,0.0,1.0,0.4636363636363636,14,1,4,0.07142857142857142,0.2857142857142857,2.067031495157584,0.4194730582263367,0.7997214923119694,3.696509009009006,0.15751186275010468,False,0.3204545454545455,0.6113636363636363,0.7818181818181819,no_tier_diff,1
concept,relational_pairs_concept_learning,0.5778571428571428,0.11601592079344548,0.4,0.75,0.5800000000000001,14,0,0,0.0,0.0,1.9852281360342514,0.38627475684423557,0.5563183172220186,5.5346296296296265,0.06283048993469778,False,0.4700000000000001,0.6583333333333333,0.5650000000000001,no_tier_diff,1
language,pelvan_agreement_lang_learning,0.17759740259740261,0.17416917204006357,0.0,0.6272727272727273,0.15454545454545454,14,4,0,0.2857142857142857,0.0,2.3248629576173565,0.49678868273389,0.7951120394047115,5.113431151241534,0.07755905943456858,False,0.07386363636363635,0.12196969696969696,0.3647727272727273,no_tier_diff,1
language,mixed_radix_number_lang_learning,0.23344155844155842,0.2520787668010763,0.0,0.8909090909090909,0.15454545454545454,14,5,0,0.35714285714285715,0.0,2.2988252450030506,0.4931119919853301,0.32621308138462135,1.7144379844961297,0.4243405372356158,False,0.1409090909090909,0.16893939393939394,0.42272727272727273,no_tier_diff,1
language,strevoklan_neg_lang_learning,0.2782142857142857,0.2612238171627182,0.0,0.75,0.1975,14,4,0,0.2857142857142857,0.0,2.610577243331642,0.48697739955399494,0.49445520174177005,2.7400525525525454,0.25410028265585066,False,0.1925,0.16416666666666668,0.535,no_tier_diff,1
language,dralven_tone_sandhi_lang_learning,0.3257653061224491,0.07289538026496153,0.1642857142857143,0.4357142857142857,0.3285714285714286,14,0,0,0.0,0.0,1.5216406363433181,0.3537957072274372,0.1686567695711948,2.0015989465763795,0.3675854489200866,False,0.2910714285714286,0.33095238095238094,0.3526785714285714,no_tier_diff,1
language,grelkan_suppletion_lang_learning,0.34500000000000003,0.15660459763365825,0.0,0.64,0.30000000000000004,14,1,0,0.07142857142857142,0.0,2.1820058147602133,0.2488156193372776,0.22757670028044039,3.8337028824833674,0.1470692902166307,False,0.335,0.2783333333333334,0.45500000000000007,no_tier_diff,1
language,vrelthan_rule_interaction_lang_learning,0.4008928571428572,0.12215186370302522,0.25,0.75,0.40625,14,0,0,0.0,0.0,1.4299111709758698,0.412323872107513,0.25465120831884963,0.09803921568627416,0.9521624596633158,False,0.38750000000000007,0.375,0.453125,no_tier_diff,1
language,drelvak_reduplication_lang_learning,0.4122448979591836,0.15126841192005241,0.19642857142857142,0.7,0.41785714285714287,14,0,0,0.0,0.0,2.502736171594004,0.38465493648774457,0.5170731432650089,3.3958793230316466,0.1830603019594912,False,0.28125,0.46547619047619054,0.46339285714285716,no_tier_diff,1
language,gwelthar_mirative_evidential_tone_lang_learning,0.47472527472527476,0.22818013844911894,0.0,0.9076923076923077,0.49615384615384617,14,1,0,0.07142857142857142,0.0,2.8962915290459277,0.29599234027572835,0.6194186623567044,1.2265051395007387,0.5415864534718293,False,0.3548076923076923,0.4846153846153846,0.5798076923076922,no_tier_diff,1
language,wukal_tones_lang_learning,0.4775974025974025,0.17841344841824133,0.2,0.8363636363636364,0.4727272727272727,14,0,0,0.0,0.0,2.2359263506290326,0.3406797752406971,0.6355990657348032,4.614420935412022,0.09953853058600866,False,0.34431818181818186,0.5454545454545454,0.5090909090909091,no_tier_diff,1
language,skovar_deletion_lang_learning,0.47946428571428573,0.3281307701144749,0.0,1.0,0.45,14,2,1,0.14285714285714285,0.07142857142857142,3.2359263506290326,0.38740013937532075,0.7835374557307493,3.9909140969162964,0.1359515035399311,False,0.21875,0.50625,0.7000000000000001,no_tier_diff,1
language,prentova_allomorphy_wugtest_lang_learning,0.5058673469387756,0.20046232616316095,0.18571428571428572,1.0,0.46785714285714286,14,0,1,0.0,0.07142857142857142,2.217021885879718,0.3711903890055859,0.5375657158460523,1.463219026548673,0.48113397503944466,False,0.3839285714285715,0.5577380952380953,0.55,no_tier_diff,1
language,trevkovan_gradation_lang_learning,0.5954081632653061,0.2648450664152499,0.2,1.0,0.5,14,0,3,0.0,0.21428571428571427,2.610577243331642,0.448170440210353,0.716930574708204,5.136621315192743,0.07666494943925084,False,0.35714285714285715,0.6309523809523809,0.7803571428571429,no_tier_diff,1
language,trenval_bleeding_lang_learning,0.5961538461538461,0.2283943735215418,0.16923076923076924,0.9076923076923077,0.5980769230769232,14,0,0,0.0,0.0,2.807354922057604,0.3780295102589818,0.6692845899597484,2.2013428991905846,0.3326476525634128,False,0.45288461538461544,0.6083333333333333,0.721153846153846,no_tier_diff,1
language,kophar_quantity_lang_learning,0.6127551020408164,0.150785807853599,0.4,0.75,0.6982142857142857,14,0,0,0.0,0.0,1.5744174271404585,0.5345294787671472,0.36996887380945864,3.632794457274825,0.16261054547731335,False,0.49642857142857144,0.6416666666666667,0.6857142857142857,no_tier_diff,1
language,vrendel_templatic_lang_learning,0.6448051948051948,0.28261751504060173,0.0,1.0,0.6636363636363636,14,1,3,0.07142857142857142,0.21428571428571427,2.6105772433316417,0.349961428501907,0.5719854563069622,2.307500000000001,0.31545160506583303,False,0.5784090909090909,0.5613636363636364,0.8363636363636363,no_tier_diff,1
language,skelth_allomorph_lang_learning,0.6920918367346938,0.28575630613011477,0.0,1.0,0.6767857142857143,14,1,4,0.07142857142857142,0.2857142857142857,2.4066663167406888,0.4116530842914114,0.5173332240866653,5.01651651651652,0.08140991086733262,False,0.5214285714285714,0.6583333333333333,0.9133928571428571,no_tier_diff,1
language,strelkov_ergative_lang_learning,0.7547619047619047,0.3174444440475992,0.0,1.0,0.9333333333333333,14,1,7,0.07142857142857142,0.5,2.260820318171659,0.5832230533515078,0.7743310927213529,7.406850459482045,0.024638987577387677,True,0.4166666666666667,0.8166666666666668,1.0,bimodal,1
language,drafnelt_switch_reference_lang_learning,0.8669642857142856,0.22137996298266038,0.3375,1.0,1.0,14,0,8,0.0,0.5714285714285714,1.4345491399952024,0.7240862799985722,0.7628734224256378,10.306306306306313,0.005781147115191144,True,0.559375,0.9833333333333334,1.0,bimodal,1
observational,symbolic_glyphpair_scoring_obs_learning,0.08928571428571429,0.15257149545209878,0.0,0.5,0.0,14,10,0,0.7142857142857143,0.0,1.0949143184120975,0.6583914747173341,0.169097876650745,6.787878787878786,0.03357614635848757,True,0.0,0.20833333333333334,0.0,bimodal,1
observational,register_machine_trace_obs_learning,0.125,0.26305214040457564,0.0,0.75,0.0,14,11,0,0.7857142857142857,0.0,0.9463729359854419,0.8062241697306951,0.75454717465811,8.75,0.012588142242433998,True,0.0,0.0,0.4375,bimodal,1
observational,linear_feedback_shift_register_obs_learning,0.19642857142857142,0.315925107374181,0.0,1.0,0.0,14,9,1,0.6428571428571429,0.07142857142857142,1.626688849701832,0.6776738730244256,0.7130235478473395,9.081836327345306,0.01066361111695718,True,0.0,0.08333333333333333,0.5625,bimodal,1
observational,singleton_gate_local_max_obs_learning,0.21428571428571427,0.18557687223952254,0.0,0.5,0.25,14,5,0,0.35714285714285715,0.0,1.5306189948485172,0.3937176996948795,0.5396441924134463,1.7303240740740806,0.42098333220855877,False,0.125,0.20833333333333334,0.3125,no_tier_diff,1
observational,affine_transform_chain_obs_learning,0.25,0.2672612419124244,0.0,0.75,0.125,14,7,0,0.5,0.0,1.5744174271404583,0.47342814371257486,0.41594174360330843,5.259454705365003,0.07209811691742087,False,0.0,0.2916666666666667,0.4375,no_tier_diff,1
observational,agglutinative_morphology_obs_learning,0.25,0.2834733547569204,0.0,1.0,0.25,14,6,1,0.42857142857142855,0.07142857142857142,1.7884504573082896,0.5037669810761107,0.8076076485086675,4.057163382594424,0.13152192762083623,False,0.0625,0.20833333333333334,0.5,no_tier_diff,1
observational,finite_state_transducer_obs_learning,0.26785714285714285,0.394881149776714,0.0,1.0,0.0,14,8,3,0.5714285714285714,0.21428571428571427,1.41379956460568,0.6897069285320316,0.8519777566649387,6.417929292929291,0.04039841827200011,True,0.0625,0.16666666666666666,0.625,bimodal,1
observational,grid_parity_path_obs_learning,0.30357142857142855,0.34302451271961687,0.0,1.0,0.25,14,6,2,0.42857142857142855,0.14285714285714285,1.877387064296613,0.5288529271016882,0.6657892164856277,1.129460665044611,0.5685134356723271,False,0.125,0.375,0.375,no_tier_diff,1
observational,lfu_cache_eviction_obs_learning,0.30357142857142855,0.3014632681452523,0.0,1.0,0.25,14,5,1,0.35714285714285715,0.07142857142857142,2.0670314951575843,0.45489292341165866,0.680306684994336,0.6909144893111618,0.7078965975196825,False,0.1875,0.3333333333333333,0.375,no_tier_diff,1
observational,flow_network_capacity_obs_learning,0.32142857142857145,0.23957871187497745,0.0,0.75,0.25,14,3,0,0.21428571428571427,0.0,1.877387064296613,0.37248217297609765,0.3872137580780829,0.16605839416058238,0.920324276046065,False,0.3125,0.3333333333333333,0.3125,no_tier_diff,1
observational,hidden_token_filter_obs_learning,0.3392857142857143,0.32192422102357043,0.0,1.0,0.25,14,4,1,0.2857142857142857,0.07142857142857142,1.7884504573082896,0.5004170085610423,0.8754335827683788,5.710180623973727,0.05755062337504195,False,0.0625,0.375,0.5625,no_tier_diff,1
observational,mealy_machine_output_obs_learning,0.375,0.26305214040457564,0.0,0.75,0.375,14,3,0,0.21428571428571427,0.0,1.9852281360342514,0.3787768849712899,0.6788458487267776,5.562548790007806,0.06195949616994438,False,0.1875,0.3333333333333333,0.625,no_tier_diff,1
observational,hidden_damping_physics_obs_learning,0.4107142857142857,0.373295445720837,0.0,1.0,0.25,14,4,3,0.2857142857142857,0.21428571428571427,2.1820058147602133,0.4700221428723715,0.8322732055368474,4.353488372093023,0.11341017262244349,False,0.125,0.4166666666666667,0.6875,no_tier_diff,1
observational,hidden_modal_logic_kripke_obs_learning,0.42857142857142855,0.25753937681885636,0.0,1.0,0.4375,14,2,1,0.14285714285714285,0.07142857142857142,2.610577243331642,0.27229455444723905,0.29641458817677524,3.5189825360668228,0.1721324108120525,False,0.25,0.5208333333333334,0.46875,no_tier_diff,1
observational,auction_mechanism_second_price_obs_learning,0.44642857142857145,0.28627177753359645,0.0,1.0,0.375,14,1,2,0.07142857142857142,0.14285714285714285,1.9852281360342512,0.43669160370290233,0.6525662430205895,1.2780154849225773,0.5278158935912638,False,0.375,0.375,0.625,no_tier_diff,1
observational,arithmetic_entropy_coding_obs_learning,0.5535714285714286,0.3800677973891565,0.0,1.0,0.5,14,3,5,0.21428571428571427,0.35714285714285715,1.8092000326978122,0.40351710208510094,0.7299960736181195,2.6358475263584817,0.2676905142926056,False,0.3125,0.5833333333333334,0.75,no_tier_diff,1
observational,syntax_tree_rewrite_obs_learning,0.5892857142857143,0.27721740529035754,0.25,1.0,0.5,14,0,3,0.0,0.21428571428571427,1.9852281360342514,0.41001224526064084,0.7111288076890043,5.254293520686959,0.07228441303938253,False,0.4375,0.5,0.875,no_tier_diff,1
observational,hidden_attribute_rule_obs_learning,0.6160714285714286,0.12012164327744387,0.375,0.75,0.625,14,0,0,0.0,0.0,1.8352377453121176,0.39835147523307646,0.2263038453041324,4.172791164658638,0.12413376034255745,False,0.5625,0.5833333333333334,0.71875,no_tier_diff,1
observational,phonological_alternation_harmony_obs_learning,0.7678571428571429,0.25815771955001715,0.25,1.0,0.875,14,0,7,0.0,0.5,1.6893917467430877,0.4832255911146167,0.5258143298277598,5.637242268041237,0.05968818800509922,False,0.5,0.875,0.875,no_tier_diff,1
observational,pushdown_automaton_inference_obs_learning,0.8392857142857143,0.17946206466287307,0.5,1.0,0.875,14,0,7,0.0,0.5,1.4315602842833155,0.4727781869876785,0.3688600437631041,1.3828262786596142,0.5008677727745117,False,0.75,0.875,0.875,no_tier_diff,1
observational,hidden_region_classifier_obs_learning,0.8452380952380952,0.1330992843749875,0.6666666666666666,1.0,0.8333333333333334,14,0,5,0.0,0.35714285714285715,1.5774062828523454,0.4201701951141798,0.10252713262569996,2.8969135802469146,0.23493255873704927,False,0.9166666666666666,0.7777777777777778,0.875,no_tier_diff,1
rl,affine_cipher_word_rf_learning,0.2933428571428571,0.3759895319862846,0.0,0.8,0.04,14,6,0,0.42857142857142855,0.0,1.1981174211304033,0.6141769984714944,0.20112569601408484,7.440578817733988,0.024226955335304414,True,0.41000000000000003,0.006666666666666667,0.6067,bimodal,1
rl,arithmetic_next_rf_learning,0.3588428571428571,0.35361093170376984,0.1,0.9333,0.15,14,0,0,0.0,0.0,0.863120568566631,0.6849540282957265,0.743000459514418,7.881851851851854,0.019430215473421875,True,0.11429999999999998,0.39186666666666664,0.55385,bimodal,1
rl,grid_nav_rf_learning,0.4760785714285714,0.42792985937045375,0.0,0.9801,0.4674,14,2,0,0.14285714285714285,0.0,1.924174352300441,0.5226668017633271,0.29903056966075836,0.9960448859455486,0.607731295452518,False,0.6582749999999999,0.49198333333333344,0.270025,no_tier_diff,1
rl,verbal_bandit_rf_learning,0.5464857142857144,0.37253466158417076,0.06,1.0,0.525,14,0,1,0.0,0.07142857142857142,2.0059777114237742,0.5208668102348706,0.1516476932018409,0.6283836040216547,0.7303789265771883,False,0.5461250000000001,0.6677166666666667,0.365,no_tier_diff,1
rl,crt_unique_rf_learning,0.5663142857142858,0.3708006623841034,0.2,1.0,0.5044,14,0,3,0.0,0.21428571428571427,1.4315602842833155,0.5229782796335685,0.238158368894323,0.555414551607445,0.7575185330663415,False,0.5833250000000001,0.5325166666666666,0.6,no_tier_diff,1
rl,battleship_two_ships_rf_learning,0.5948642857142856,0.4300118779209026,0.1,1.0,0.90155,14,0,3,0.0,0.21428571428571427,1.2958363892911637,0.554184241115602,0.25661757851449984,3.4718875502008086,0.1762337967057329,False,0.31797500000000006,0.5421833333333334,0.950775,no_tier_diff,1
rl,recurrence_second_order_rf_learning,0.6752071428571427,0.3792190988715885,0.05,1.0,0.92405,14,0,1,0.0,0.07142857142857142,1.1981174211304033,0.6017206794216403,0.6132846783575314,7.171275395033857,0.027718985664576826,True,0.35,0.6884666666666667,0.980525,bimodal,1
rl,chebyshev_point_rf_learning,0.6978928571428573,0.39276706558228947,0.1571,1.0,0.987,14,0,6,0.0,0.42857142857142855,0.9402859586706311,0.6143922865244904,0.6729425126516428,8.850677830940995,0.01197015374297017,True,0.16785,0.8513000000000001,0.997825,bimodal,1
rl,sum_product_xy_rf_learning,0.8183714285714286,0.32372177301894695,0.2,1.0,1.0,14,0,8,0.0,0.5714285714285714,0.74959525725948,0.7694459809494366,0.4681029803251544,6.969148451730419,0.030666812785585355,True,0.5809750000000001,0.85555,1.0,bimodal,1
